epoch;acc;loss;val_acc;val_loss
0;0.6227;0.6426437526702881;0.6484751;0.641776678171816
1;0.68815;0.5974045739173889;0.70826644;0.5718449970309654
